Ticker,Fiscal Quarter,Earnings Date,Earnings Date (yfinance),Date Check,Date Added,Price,EPS (TTM),EPS Estimate,Reported EPS,EPS Surprise (%),P/E,Forward P/E,Market Cap,Beta,Earnings Timing,Company Name,Sector,Quarter
TGS,,2025-11-03 00:00:00,2025-11-06,OK,,29.69,2.26,0.36,0.51,41.67,13.15,12.76,2060000000.0,0.78,,Transportadora de Gas del Sur S.A.,Energy,Q3
RYAAY,Q2 FY26,2025-11-03 00:00:00,2025-11-03,OK,,64.6,4.2,3.63,3.71,2.29,15.38,11.85,34110000000.0,1.26,BMO,Ryanair Holdings plc,Industrials,Q3
QRVO,Q2 FY26,2025-11-03 00:00:00,2025-11-03,OK,,87.54,2.32,2.11,2.22,5.12,37.8,12.38,8090000000.0,1.36,AMC,"Qorvo, Inc.",Technology,Q3
NOVT,Q3 FY25,2025-11-03 00:00:00,2025-11-03,OK,,129.33,1.46,0.82,0.87,6.53,88.42,34.24,4650000000.0,1.58,AMC,Novanta Inc.,Technology,Q3
IDXX,Q3 FY25,2025-11-03 00:00:00,2025-11-03,OK,,722.12,12.61,3.15,3.4,8.08,57.24,50.26,57770000000.0,1.67,BMO,"IDEXX Laboratories, Inc.",Healthcare,Q3
HLIO,Q3 FY25,2025-11-03 00:00:00,2025-11-03,OK,,55.47,1.01,0.44,0.31,-29.55,54.67,19.95,1840000000.0,1.3,AMC,"Helios Technologies, Inc.",Industrials,Q3
PCH,Q3 FY25,2025-11-03 00:00:00,2025-11-03,OK,,41.4,0.82,0.18,0.36,97.77,50.6,60.88,3200000000.0,1.11,AMC,PotlatchDeltic Corporation,Real Estate,Q3
UFPT,Q3 FY25,2025-11-03 00:00:00,2025-11-03,OK,,226.11,8.63,2.03,2.11,3.81,26.2,21.51,1740000000.0,1.07,AMC,"UFP Technologies, Inc.",Healthcare,Q3
CTRA,Q3 FY25,2025-11-03 00:00:00,2025-11-03,OK,,26.57,2.17,0.43,0.41,-4.77,12.26,9.73,20230000000.0,0.31,AMC,Coterra Energy Inc.,Energy,Q3
OFIX,Q3 FY25,2025-11-04 00:00:00,2025-11-04,OK,,14.87,-3.18,0.12,0.2,64.67,,,587280000.0,0.82,BMO,Orthofix Medical Inc.,Healthcare,Q3
PHG,Q3 FY25,2025-11-04 00:00:00,2025-11-04,OK,,28.02,-0.82,0.32,0.41,30.36,,16.12,26630000000.0,0.79,BMO,Koninklijke Philips N.V.,Healthcare,Q3
PAM,Q3 FY25,2025-11-04 00:00:00,2025-11-04,OK,,87.48,8.54,1.75,2.01,14.97,10.24,9.88,4760000000.0,1.14,AMC,Pampa Energía S.A.,Utilities,Q3
AHCO,Q3 FY25,2025-11-04 00:00:00,2025-11-04,OK,,10.67,0.53,0.24,0.16,-32.28,19.95,9.62,1440000000.0,1.78,BMO,AdaptHealth Corp.,Healthcare,Q3
FWRG,Q3 FY25,2025-11-04 00:00:00,2025-11-04,OK,,17.6,0.07,0.07,0.06,-15.9,269.11,47.34,1070000000.0,0.88,BMO,"First Watch Restaurant Group, Inc.",Consumer Cyclical,Q3
CPRI,Q2 FY26,2025-11-04 00:00:00,2025-11-04,OK,,20.71,-9.41,0.14,-0.03,-121.94,,11.65,2470000000.0,1.5,BMO,Capri Holdings Limited,Consumer Cyclical,Q3
DAVE,Q3 FY25,2025-11-04 00:00:00,2025-11-04,OK,,234.58,3.79,2.34,4.24,81.04,61.96,23.65,3170000000.0,3.9,BMO,Dave Inc.,Technology,Q3
OUST,Q3 FY25,2025-11-04 00:00:00,2025-11-04,OK,,27.68,-1.81,-0.18,-0.16,10.79,,,1600000000.0,2.97,AMC,"Ouster, Inc.",Technology,Q3
VTOL,Q3 FY25,2025-11-04 00:00:00,2025-11-04,OK,,41.27,4.0,0.8,1.72,115.0,10.32,8.18,1190000000.0,1.41,AMC,Bristow Group Inc.,Energy,Q3
SHC,Q3 FY25,2025-11-04 00:00:00,2025-11-04,OK,,16.43,0.08,0.22,0.26,19.13,196.3,18.45,4670000000.0,1.82,BMO,Sotera Health Company,Healthcare,Q3
MEC,Q3 FY25,2025-11-04 00:00:00,2025-11-04,OK,,17.99,0.85,0.01,0.1,1029.94,21.26,31.15,365510000.0,1.12,AMC,"Mayville Engineering Company, Inc.",Industrials,Q3
BHE,Q3 FY25,2025-11-04 00:00:00,2025-11-04,OK,,43.0,1.05,0.57,0.62,8.14,41.01,16.91,1540000000.0,1.05,AMC,"Benchmark Electronics, Inc.",Technology,Q3
KGS,Q3 FY25,2025-11-04 00:00:00,2025-11-04,OK,,36.27,0.89,0.56,-0.17,-130.25,40.78,15.92,3140000000.0,1.22,AMC,"Kodiak Gas Services, Inc.",Energy,Q3
TDC,Q3 FY25,2025-11-04 00:00:00,2025-11-04,OK,,27.6,1.22,0.54,0.72,34.31,22.6,11.05,2570000000.0,0.52,AMC,Teradata Corporation,Technology,Q3
AVNW,Q1 FY26,2025-11-04 00:00:00,2025-11-04,OK,,24.21,0.09,0.28,0.43,50.88,266.04,7.45,309940000.0,0.91,AMC,"Aviat Networks, Inc.",Technology,Q3
EXPD,Q3 FY25,2025-11-04 00:00:00,2025-11-04,OK,,137.43,6.14,1.39,1.64,17.6,22.37,23.23,18420000000.0,1.13,BMO,"Expeditors International of Washington, Inc.",Industrials,Q3
FLYW,Q3 FY25,2025-11-04 00:00:00,2025-11-04,OK,,13.56,-0.03,0.35,0.37,5.8,,42.86,1660000000.0,1.28,AMC,Flywire Corporation,Technology,Q3
BLD,Q3 FY25,2025-11-04 00:00:00,2025-11-04,OK,,418.84,20.3,5.18,5.04,-2.63,20.64,19.34,11790000000.0,1.68,BMO,TopBuild Corp.,Industrials,Q3
UFCS,Q3 FY25,2025-11-04 00:00:00,2025-11-04,OK,,35.33,4.24,0.72,1.5,108.33,8.33,10.55,901420000.0,0.44,AMC,"United Fire Group, Inc.",Financial Services,Q3
MPLX,Q3 FY25,2025-11-04 00:00:00,2025-11-04,OK,,51.27,4.72,1.08,1.52,41.38,10.87,11.39,52140000000.0,0.54,BMO,MPLX LP,Energy,Q3
BVS,Q3 FY25,2025-11-04 00:00:00,2025-11-04,OK,,7.45,0.11,0.12,0.15,30.43,66.34,10.35,616590000.0,0.77,BMO,Bioventus Inc.,Healthcare,Q3
MAR,Q3 FY25,2025-11-04 00:00:00,2025-11-04,OK,,291.16,9.47,2.39,2.47,3.46,30.75,25.77,78130000000.0,1.15,BMO,"Marriott International, Inc.",Consumer Cyclical,Q3
MDGL,Q3 FY25,2025-11-04 00:00:00,2025-11-04,OK,,489.26,-13.01,-2.49,-5.08,-104.34,,134.8,11110000000.0,-1.03,BMO,"Madrigal Pharmaceuticals, Inc.",Healthcare,Q3
HG,Q3 FY25,2025-11-04 00:00:00,2025-11-04,OK,,26.08,4.39,0.67,1.2,78.61,5.95,6.24,2570000000.0,0.66,AMC,"Hamilton Insurance Group, Ltd.",Financial Services,Q3
AUPH,Q3 FY25,2025-11-04 00:00:00,2025-11-04,OK,,14.61,0.56,0.16,0.23,43.75,26.04,15.63,1930000000.0,1.44,BMO,Aurinia Pharmaceuticals Inc.,Healthcare,Q3
CLOV,Q3 FY25,2025-11-04 00:00:00,2025-11-04,OK,,3.52,-0.09,0.02,0.0,-83.5,,83.79,1800000000.0,2.22,AMC,"Clover Health Investments, Corp.",Healthcare,Q3
HUM,Q3 FY25,2025-11-05 00:00:00,2026-02-11,OK,,281.87,13.03,2.83,3.24,14.64,21.63,20.81,33900000000.0,0.45,BMO,Humana Inc.,Healthcare,Q3
DBD,Q3 FY25,2025-11-05 00:00:00,2026-02-11,OK,,64.5,1.36,0.93,1.38,47.86,47.28,11.61,2310000000.0,1.48,BMO,"Diebold Nixdorf, Incorporated",Technology,Q3
BRLT,Q3 FY25,2025-11-05 00:00:00,2025-11-05,OK,,2.56,-0.28,0.02,0.02,11.11,,23.49,255360000.0,1.39,BMO,"Brilliant Earth Group, Inc.",Consumer Cyclical,Q3
TM,Q2 FY26,2025-11-05 00:00:00,2026-02-06,OK,,203.89,21.69,5.36,4.66,-13.11,9.4,9.87,265740000000.0,0.69,BMO,Toyota Motor Corporation,Consumer Cyclical,Q3
MTRX,Q1 FY26,2025-11-05 00:00:00,2026-02-04,OK,,15.27,-1.06,0.02,-0.01,-150.0,,16.6,428610000.0,0.94,AMC,Matrix Service Company,Industrials,Q3
LILAK,Q3 FY25,2025-11-05 00:00:00,2025-11-05,OK,,7.95,-3.7,0.0,0.02,623.56,,28.35,1590000000.0,0.97,AMC,Liberty Latin America Ltd.,Communication Services,Q3
EFC,Q3 FY25,2025-11-05 00:00:00,2025-11-05,OK,,13.69,1.21,0.44,0.53,20.72,11.29,7.64,1370000000.0,0.94,AMC,Ellington Financial Inc.,Real Estate,Q3
CTRE,Q3 FY25,2025-11-05 00:00:00,2026-02-11,OK,,36.15,1.34,0.38,0.33,-13.17,26.94,22.85,8070000000.0,0.78,AMC,"CareTrust REIT, Inc.",Real Estate,Q3
LMND,Q3 FY25,2025-11-05 00:00:00,2025-11-05,OK,,75.02,-2.38,-0.71,-0.55,22.55,,,5610000000.0,2.08,BMO,"Lemonade, Inc.",Financial Services,Q3
ITUB,Q3 FY25,2025-11-05 00:00:00,2025-11-05,OK,,7.57,0.7,0.2,0.2,-0.97,10.82,8.79,40350000000.0,0.64,AMC,Itaú Unibanco Holding S.A.,Financial Services,Q3
CTKB,Q3 FY25,2025-11-05 00:00:00,2025-11-05,OK,,3.91,-0.05,0.01,0.0,-103.0,,,497440000.0,1.33,AMC,"Cytek Biosciences, Inc.",Healthcare,Q3
FSLY,Q3 FY25,2025-11-05 00:00:00,2026-02-11,OK,,11.56,-0.96,0.0,0.07,41076.47,,104.41,1700000000.0,0.92,AMC,"Fastly, Inc.",Technology,Q3
GPRK,Q3 FY25,2025-11-05 00:00:00,2025-11-05,OK,,8.2,0.65,0.3,0.3,0.0,12.63,7.8,420740000.0,0.53,AMC,GeoPark Limited,Energy,Q3
LILA,Q3 FY25,2025-11-05 00:00:00,2025-11-05,OK,,7.86,-3.7,-0.06,0.02,133.33,,42.69,1590000000.0,0.99,AMC,Liberty Latin America Ltd.,Communication Services,Q3
XPEL,Q3 FY25,2025-11-05 00:00:00,2025-11-05,OK,,34.98,1.76,0.52,0.47,-9.03,19.92,16.74,967990000.0,1.38,BMO,"XPEL, Inc.",Consumer Cyclical,Q3
IBP,Q3 FY25,2025-11-05 00:00:00,2025-11-05,OK,,257.76,9.29,2.74,3.18,16.02,27.75,23.44,6990000000.0,1.9,BMO,"Installed Building Products, Inc.",Consumer Cyclical,Q3
TRUE,Q3 FY25,2025-11-05 00:00:00,2025-11-05,OK,,2.19,-0.21,-0.03,0.1,384.58,,,194780000.0,2.2,AMC,"TrueCar, Inc.",Communication Services,Q3
RPRX,Q3 FY25,2025-11-05 00:00:00,2025-11-05,OK,,37.84,2.3,1.04,1.17,12.53,16.47,7.97,22070000000.0,0.47,BMO,Royalty Pharma plc,Healthcare,Q3
PKST,Q3 FY25,2025-11-05 00:00:00,2025-11-05,OK,,14.95,-8.79,0.57,-0.04,-107.37,,15.29,550020000.0,1.7,AMC,Peakstone Realty Trust,Real Estate,Q3
BORR,Q3 FY25,2025-11-05 00:00:00,2025-11-05,OK,,3.18,0.25,0.08,0.09,17.52,12.74,,909080000.0,1.11,AMC,Borr Drilling Limited,Energy,Q3
ECPG,Q3 FY25,2025-11-05 00:00:00,2025-11-05,OK,,47.31,-1.83,1.59,3.18,100.61,,5.1,1060000000.0,1.46,AMC,"Encore Capital Group, Inc.",Financial Services,Q3
EMR,Q4 FY25,2025-11-05 00:00:00,2026-02-04,OK,,137.74,4.66,1.62,1.62,0.28,29.59,20.99,77520000000.0,1.25,BMO,Emerson Electric Co.,Industrials,Q3
ALTO,Q3 FY25,2025-11-05 00:00:00,2025-11-05,OK,,1.38,-0.7,-0.05,0.16,422.24,,,106810000.0,0.55,AMC,"Alto Ingredients, Inc.",Basic Materials,Q3
XFOR,Q3 FY25,2025-11-05 00:00:00,2025-11-05,OK,,3.71,-10.01,-0.84,-0.69,18.18,,,324390000.0,0.44,BMO,"X4 Pharmaceuticals, Inc.",Healthcare,Q3
TBLA,Q3 FY25,2025-11-05 00:00:00,2025-11-05,OK,,3.79,0.07,-0.01,0.02,433.33,52.13,30.15,1090000000.0,1.29,BMO,Taboola.com Ltd.,Communication Services,Q3
AHR,Q3 FY25,2025-11-06 00:00:00,2025-11-06,OK,,45.98,-0.22,0.15,0.27,74.85,,57.61,7840000000.0,1.0,AMC,"American Healthcare REIT, Inc.",Real Estate,Q3
VTRS,Q3 FY25,2025-11-06 00:00:00,2025-11-06,OK,,10.49,-2.91,-0.03,-0.11,-231.03,,4.29,12110000000.0,0.83,BMO,Viatris Inc.,Healthcare,Q3
TCX,,2025-11-06 00:00:00,2026-02-12,OK,,18.67,-8.67,,,,,,206840000.0,1.0,,Tucows Inc.,Technology,Q3
HAE,Q2 FY26,2025-11-06 00:00:00,2026-02-05,OK,,68.36,3.43,1.11,1.27,14.35,19.94,12.48,3200000000.0,0.27,BMO,Haemonetics Corporation,Healthcare,Q3
SGHT,Q3 FY25,2025-11-06 00:00:00,2025-11-06,OK,,4.98,-0.96,-0.26,-0.16,38.61,,,260790000.0,2.46,AMC,"Sight Sciences, Inc.",Healthcare,Q3
XYZ,Q3 FY25,2025-11-06 00:00:00,2025-11-06,OK,,72.58,4.67,0.66,0.54,-18.09,15.53,20.45,44240000000.0,2.65,AMC,"Block, Inc.",Technology,Q3
PLUS,Q2 FY26,2025-11-06 00:00:00,2026-02-04,OK,,73.31,4.3,0.95,1.53,61.9,17.06,16.2,1950000000.0,1.03,AMC,ePlus inc.,Technology,Q3
TBCH,Q3 FY25,2025-11-06 00:00:00,2025-11-06,OK,,16.29,0.94,0.18,0.12,-32.71,17.38,13.29,322650000.0,2.16,AMC,Turtle Beach Corporation,Technology,Q3
SYNA,Q1 FY26,2025-11-06 00:00:00,2026-02-05,OK,,66.08,-1.17,1.06,1.09,2.44,,12.42,2580000000.0,1.76,AMC,Synaptics Incorporated,Technology,Q3
LOMA,Q3 FY25,2025-11-06 00:00:00,2025-11-06,OK,,10.8,0.56,0.06,-0.02,-139.11,19.28,13.16,1260000000.0,0.83,AMC,Loma Negra Compañía Industrial Argentina Sociedad Anónima,Basic Materials,Q3
INSW,Q3 FY25,2025-11-06 00:00:00,2025-11-06,OK,,49.2,4.81,0.94,1.15,22.26,10.23,7.92,2430000000.0,-0.19,BMO,"International Seaways, Inc.",Energy,Q3
INTS,Q3 FY25,2025-11-06 00:00:00,2025-11-06,OK,,0.46,-0.63,-0.06,-0.06,0.0,,,27340000.0,4.29,AMC,"Intensity Therapeutics, Inc.",Healthcare,Q3
ARLO,Q3 FY25,2025-11-06 00:00:00,2025-11-06,OK,,17.75,-0.07,0.15,0.16,7.96,,22.55,1850000000.0,1.71,AMC,"Arlo Technologies, Inc.",Industrials,Q3
GHRS,Q3 FY25,2025-11-06 00:00:00,2025-11-06,OK,,13.5,-0.73,-0.23,-0.23,2.13,,,837380000.0,0.99,BMO,GH Research PLC,Healthcare,Q3
URGN,Q3 FY25,2025-11-06 00:00:00,2025-11-06,OK,,23.24,-3.46,-0.68,-0.69,-1.05,,,1090000000.0,1.22,BMO,UroGen Pharma Ltd.,Healthcare,Q3
ATHA,Q3 FY25,2025-11-06 00:00:00,2025-11-06,OK,,3.85,-9.66,-1.22,-1.68,-37.7,,,15180000.0,2.95,AMC,"Athira Pharma, Inc.",Healthcare,Q3
HBIO,Q3 FY25,2025-11-06 00:00:00,2025-11-06,OK,,0.54,-1.22,-0.06,-0.03,50.0,,5.72,24210000.0,1.55,BMO,"Harvard Bioscience, Inc.",Healthcare,Q3
DIOD,Q3 FY25,2025-11-06 00:00:00,2026-02-10,OK,,50.88,1.37,0.38,0.37,-3.48,37.14,22.69,2360000000.0,1.64,AMC,Diodes Incorporated,Technology,Q3
BL,Q3 FY25,2025-11-06 00:00:00,2026-02-10,OK,,53.58,1.1,0.51,0.51,0.95,48.92,22.77,3320000000.0,0.87,AMC,"BlackLine, Inc.",Technology,Q3
AORT,Q3 FY25,2025-11-06 00:00:00,2025-11-06,OK,,45.76,-0.43,0.15,0.16,5.26,,115.22,2160000000.0,1.6,AMC,"Artivion, Inc.",Healthcare,Q3
BIRD,Q3 FY25,2025-11-06 00:00:00,2025-11-06,OK,,8.14,-10.55,-2.67,-2.4,10.31,,,66310000.0,1.93,AMC,"Allbirds, Inc.",Consumer Cyclical,Q3
GMED,Q3 FY25,2025-11-06 00:00:00,2025-11-06,OK,,61.66,2.59,0.78,1.18,51.14,23.8,16.92,8330000000.0,1.12,AMC,"Globus Medical, Inc.",Healthcare,Q3
MSC,,2025-11-06 00:00:00,2026-02-26,OK,,3.78,-0.36,,,,,,727990000.0,-0.14,,Studio City International Holdings Limited,Consumer Cyclical,Q3
TXG,Q3 FY25,2025-11-06 00:00:00,2026-02-11,OK,,15.25,-0.62,-0.07,-0.02,67.43,,,1900000000.0,2.17,AMC,"10x Genomics, Inc.",Healthcare,Q3
EXPE,Q3 FY25,2025-11-06 00:00:00,2026-02-05,OK,,258.25,10.46,6.95,7.57,8.99,24.68,14.63,31950000000.0,1.45,AMC,"Expedia Group, Inc.",Consumer Cyclical,Q3
TFX,Q3 FY25,2025-11-06 00:00:00,2025-11-06,OK,,124.41,4.25,3.38,3.67,8.61,29.29,8.28,5500000000.0,0.94,BMO,Teleflex Incorporated,Healthcare,Q3
RLYB,Q3 FY25,2025-11-06 00:00:00,2025-11-06,OK,,0.63,-0.32,-0.19,0.36,284.62,,,26420000.0,-1.02,BMO,Rallybio Corporation,Healthcare,Q3
PH,Q1 FY26,2025-11-06 00:00:00,2026-01-29,OK,,844.01,28.07,6.62,7.22,9.01,30.07,25.85,106800000000.0,1.23,BMO,Parker-Hannifin Corporation,Industrials,Q3
MODG,Q3 FY25,2025-11-06 00:00:00,2025-11-06,OK,,10.6,-8.13,-0.22,-0.05,76.93,,,1950000000.0,0.97,AMC,Topgolf Callaway Brands Corp.,Consumer Cyclical,Q3
TDS,Q3 FY25,2025-11-07 00:00:00,2025-11-07,OK,,39.37,-0.95,-0.02,-0.85,-4150.0,,,4250000000.0,0.32,BMO,"Telephone and Data Systems, Inc.",Communication Services,Q3
CTEV,Q3 FY25,2025-11-07 00:00:00,2025-11-07,OK,,62.87,-40.96,-3.55,-4.23,-18.99,,,1040000000.0,0.51,BMO,Claritev Corporation,Healthcare,Q3
ATMU,Q3 FY25,2025-11-07 00:00:00,2025-11-07,OK,,47.9,2.26,0.6,0.69,15.12,21.17,17.44,3940000000.0,1.59,BMO,Atmus Filtration Technologies Inc.,Consumer Cyclical,Q3
YPF,Q3 FY25,2025-11-07 00:00:00,2025-11-07,OK,,36.26,3.12,0.59,-0.62,-205.53,11.63,8.94,14260000000.0,1.43,AMC,YPF Sociedad Anónima,Energy,Q3
AXL,Q3 FY25,2025-11-07 00:00:00,2026-02-13,OK,,6.55,0.34,0.1,0.07,-26.73,19.03,11.72,777250000.0,1.57,BMO,"American Axle & Manufacturing Holdings, Inc.",Consumer Cyclical,Q3
DIBS,Q3 FY25,2025-11-07 00:00:00,2025-11-07,OK,,3.55,-0.55,-0.13,-0.1,23.08,,,128680000.0,1.11,BMO,"1stdibs.Com, Inc.",Consumer Cyclical,Q3
BHF,Q3 FY25,2025-11-07 00:00:00,2026-02-11,OK,,66.01,14.67,5.03,4.54,-9.69,4.5,3.09,3770000000.0,0.94,AMC,"Brighthouse Financial, Inc.",Financial Services,Q3
BKV,Q3 FY25,2025-11-10 00:00:00,2025-11-10,OK,,27.5,0.52,0.35,0.9,159.04,53.11,12.43,2330000000.0,1.61,BMO,BKV Corporation,Energy,Q3
HHH,Q3 FY25,2025-11-10 00:00:00,2025-11-10,OK,,85.93,5.14,1.53,2.02,32.0,16.73,19.82,5100000000.0,1.2,BMO,Howard Hughes Holdings Inc.,Real Estate,Q3
GRDN,Q3 FY25,2025-11-10 00:00:00,2025-11-10,OK,,32.45,0.64,0.24,0.25,6.38,50.98,30.69,2050000000.0,0.94,AMC,"Guardian Pharmacy Services, Inc.",Healthcare,Q3
RNGR,Q3 FY25,2025-11-10 00:00:00,2025-11-10,OK,,13.77,0.66,0.38,0.08,-79.41,21.01,14.64,297620000.0,0.16,BMO,"Ranger Energy Services, Inc.",Energy,Q3
KLTR,Q3 FY25,2025-11-10 00:00:00,2025-11-10,OK,,1.93,-0.12,0.0,0.01,300.0,,34.49,298150000.0,1.06,AMC,"Kaltura, Inc.",Technology,Q3
SNDA,,2025-11-10 00:00:00,,,,31.93,-2.87,,,,,,601020000.0,0.59,,"Sonida Senior Living, Inc.",Healthcare,Q3
GSL,Q3 FY25,2025-11-10 00:00:00,2025-11-10,OK,,34.51,11.13,2.37,2.62,10.7,3.1,3.37,1230000000.0,0.95,BMO,"Global Ship Lease, Inc.",Industrials,Q3
SIBN,Q3 FY25,2025-11-10 00:00:00,2025-11-10,OK,,18.62,-0.51,-0.16,-0.11,33.33,,,803280000.0,0.78,AMC,"SI-BONE, Inc.",Healthcare,Q3
VOD,,2025-11-11 00:00:00,,,,12.71,-1.79,,,,,11.07,30330000000.0,0.41,,Vodafone Group Public Limited Company,Communication Services,Q3
AVIR,Q3 FY25,2025-11-12 00:00:00,2025-11-12,OK,,3.38,-1.61,-0.41,-0.53,-27.71,,,267830000.0,0.15,AMC,"Atea Pharmaceuticals, Inc.",Healthcare,Q3
KRMD,Q3 FY25,2025-11-12 00:00:00,2025-11-12,OK,,4.32,-0.08,-0.02,0.0,100.0,,,200110000.0,0.59,AMC,"KORU Medical Systems, Inc.",Healthcare,Q3
PYPD,Q3 FY25,2025-11-12 00:00:00,2025-11-12,OK,,3.71,-3.83,-0.52,-0.37,29.19,,,59060000.0,1.5,BMO,PolyPid Ltd.,Healthcare,Q3
ALTI,Q3 FY25,2025-11-12 00:00:00,2025-11-12,OK,,3.89,-1.67,0.03,0.01,-66.33,,14.41,566900000.0,0.72,AMC,"AlTi Global, Inc.",Financial Services,Q3
FLNG,Q3 FY25,2025-11-12 00:00:00,2025-11-12,OK,,26.6,1.83,0.46,0.43,-6.52,14.51,12.46,1410000000.0,0.31,BMO,FLEX LNG Ltd.,Energy,Q3
ELMD,Q1 FY26,2025-11-12 00:00:00,2025-11-12,OK,,25.27,0.93,0.21,0.25,21.95,27.19,20.14,210770000.0,0.25,AMC,"Electromed, Inc.",Healthcare,Q3
PGEN,,2025-11-13 00:00:00,2025-11-13,OK,,3.92,-0.43,-0.09,-1.06,-1015.79,,,1170000000.0,1.16,AMC,"Precigen, Inc.",Healthcare,Q3
MNOV,Q3 FY25,2025-11-13 00:00:00,2025-11-12,DATE PASSED,,1.55,-0.24,-0.12,-0.06,50.0,,,76020000.0,0.48,AMC,"MediciNova, Inc.",Healthcare,Q3
EC,Q3 FY25,2025-11-13 00:00:00,2025-11-12,DATE PASSED,,10.13,1.44,0.36,0.33,-7.67,7.03,8.17,20830000000.0,0.78,AMC,Ecopetrol S.A.,Energy,Q3
PTHS,,2025-11-13 00:00:00,2025-11-13,OK,,32.81,-17.31,-0.57,-5.3,-821.74,,,100660000.0,4.0,BMO,Pelthos Therapeutics Inc.,Healthcare,Q3
SHIP,Q3 FY25,2025-11-13 00:00:00,2025-11-13,OK,,9.37,0.73,0.47,0.67,41.55,12.88,4.65,195860000.0,0.77,BMO,Seanergy Maritime Holdings Corp,Industrials,Q3
BN,,2025-11-13 00:00:00,2026-02-12,OK,,46.56,0.29,,,,162.02,16.27,115250000000.0,1.59,,Brookfield Corporation,Financial Services,Q3
GRCE,Q2 FY26,2025-11-13 00:00:00,2025-11-13,OK,,3.06,-0.58,-0.34,-0.08,75.56,,,43230000.0,0.6,BMO,"Grace Therapeutics, Inc.",Healthcare,Q3
EVOK,Q3 FY25,2025-11-13 00:00:00,2025-11-13,OK,,10.69,-2.38,-0.45,-0.45,0.0,,15.72,18410000.0,-0.29,BMO,"Evoke Pharma, Inc.",Healthcare,Q3
SPB,Q4 FY25,2025-11-13 00:00:00,2026-02-05,OK,,57.12,3.95,0.91,2.61,186.21,14.44,11.43,1380000000.0,0.7,BMO,"Spectrum Brands Holdings, Inc.",Consumer Defensive,Q3
FRGE,Q3 FY25,2025-11-14 00:00:00,2025-11-13,DATE PASSED,,44.64,-5.06,-0.94,-1.4,-48.79,,,607170000.0,2.16,AMC,"Forge Global Holdings, Inc.",Financial Services,Q3
CIG,Q3 FY25,2025-11-14 00:00:00,2025-11-12,DATE PASSED,,2.11,0.4,0.07,0.05,-19.71,5.25,7.79,4020000000.0,0.89,AMC,Companhia Energética de Minas Gerais - CEMIG,Utilities,Q3
MFG,Q2 FY26,2025-11-14 00:00:00,2026-02-02,OK,,7.05,0.47,0.17,0.21,24.79,14.92,11.23,87260000000.0,0.39,BMO,"Mizuho Financial Group, Inc.",Financial Services,Q3
VENU,,2025-11-14 00:00:00,2025-11-14,OK,,11.82,-1.04,-0.21,-0.15,28.57,,18.66,514950000.0,3.2,AMC,Venu Holding Corporation,Consumer Cyclical,Q3
JKS,,2025-11-17 00:00:00,2025-11-17,OK,,29.11,-5.03,-2.01,-2.01,0.18,,6.14,1460000000.0,0.43,BMO,"JinkoSolar Holding Co., Ltd.",Technology,Q3
LTM,Q3 FY25,2025-11-17 00:00:00,2026-01-29,OK,,46.49,4.15,1.29,1.41,8.92,11.19,9.65,13350000000.0,3.85,BMO,LATAM Airlines Group S.A.,Industrials,Q3
DAC,Q3 FY25,2025-11-17 00:00:00,2025-11-17,OK,,95.44,24.25,7.1,6.75,-4.93,3.94,3.5,1750000000.0,1.15,AMC,Danaos Corporation,Industrials,Q3
XP,Q3 FY25,2025-11-17 00:00:00,2025-11-17,OK,,18.57,1.59,2.47,2.47,-0.17,11.66,9.43,9780000000.0,1.16,AMC,XP Inc.,Financial Services,Q3
VREX,Q3 FY25,2025-11-18 00:00:00,2025-11-18,OK,,11.83,-3.24,0.18,0.37,102.74,,14.7,490940000.0,0.85,AMC,Varex Imaging Corporation,Healthcare,Q3
NMM,Q3 FY25,2025-11-18 00:00:00,2025-11-18,OK,,54.22,10.03,2.55,2.83,10.98,5.41,3.74,1570000000.0,1.42,BMO,Navios Maritime Partners L.P.,Industrials,Q3
SBLK,Q3 FY25,2025-11-18 00:00:00,2025-11-18,OK,,18.98,0.52,0.27,0.29,7.96,36.29,6.35,2170000000.0,0.76,AMC,Star Bulk Carriers Corp.,Industrials,Q3
FUTU,Q3 FY25,2025-11-18 00:00:00,2025-11-18,OK,,168.83,7.22,20.48,23.4,14.23,23.38,16.6,16000000000.0,0.22,BMO,Futu Holdings Limited,Financial Services,Q3
LUXE,,2025-11-19 00:00:00,2025-11-19,OK,,9.39,4.88,-0.25,-0.29,-15.63,1.92,,1290000000.0,1.11,BMO,LuxExperience B.V.,Consumer Cyclical,Q3
PACS,,2025-11-19 00:00:00,2025-11-19,OK,,26.44,0.44,,,,60.1,12.13,4100000000.0,-0.04,AMC,"PACS Group, Inc.",Healthcare,Q3
JOYY,Q3 FY25,2025-11-19 00:00:00,2025-11-19,OK,,58.29,-2.21,0.98,1.36,39.34,,11.06,2040000000.0,0.37,AMC,JOYY Inc.,Communication Services,Q3
GLBE,Q3 FY25,2025-11-19 00:00:00,2025-11-19,OK,,35.18,-0.17,0.22,0.2,-6.37,,37.86,5960000000.0,1.25,BMO,Global-E Online Ltd.,Consumer Cyclical,Q3
ESTC,Q2 FY26,2025-11-20 00:00:00,2025-11-20,OK,,89.7,-0.8,0.58,0.64,11.08,,33.2,9530000000.0,0.94,AMC,Elastic N.V.,Technology,Q3
UGI,Q4 FY25,2025-11-20 00:00:00,2025-11-20,OK,,34.95,1.9,-0.41,-0.23,43.9,18.42,10.8,7510000000.0,1.07,AMC,UGI Corporation,Utilities,Q3
GAP,Q3 FY26,2025-11-20 00:00:00,2025-11-20,OK,,24.25,2.33,0.59,0.62,5.46,10.42,11.08,9000000000.0,2.25,AMC,"The Gap, Inc.",Consumer Cyclical,Q3
ZIM,Q3 FY25,2025-11-20 00:00:00,2025-11-20,OK,,17.3,16.63,1.06,1.03,-2.98,1.04,,2080000000.0,1.64,BMO,ZIM Integrated Shipping Services Ltd.,Industrials,Q3
VFS,Q3 FY25,2025-11-21 00:00:00,2025-11-21,OK,,3.51,-1.37,-0.29,-0.41,-42.61,,,8200000000.0,1.1,BMO,VinFast Auto Ltd.,Consumer Cyclical,Q3
ZM,Q3 FY26,2025-11-24 00:00:00,2025-11-24,OK,,78.63,3.8,0.81,2.01,148.23,20.71,13.25,23530000000.0,0.82,AMC,Zoom Communications Inc.,Technology,Q3
AMTM,Q3 FY25,2025-11-24 00:00:00,2025-11-24,OK,,29.42,0.27,0.59,0.63,6.49,108.32,10.82,7160000000.0,-0.31,AMC,"Amentum Holdings, Inc.",Industrials,Q3
WALD,,2025-11-24 00:00:00,2025-12-30,OK,,3.08,-0.38,,,,,,377980000.0,-0.69,,Waldencast plc,Consumer Defensive,Q3
KSS,Q3 FY26,2025-11-25 00:00:00,2025-11-25,OK,,15.71,1.83,-0.18,0.07,139.04,8.58,22.39,1760000000.0,1.52,BMO,Kohl's Corporation,Consumer Cyclical,Q3
TITN,Q3 FY26,2025-11-25 00:00:00,2025-11-25,OK,,18.52,-2.72,-0.3,0.05,116.53,,,432860000.0,1.24,BMO,Titan Machinery Inc.,Industrials,Q3
MOV,Q3 FY26,2025-11-25 00:00:00,2025-11-25,OK,,20.94,0.97,0.57,0.42,-26.83,21.49,,328390000.0,0.91,BMO,"Movado Group, Inc.",Consumer Cyclical,Q3
GASS,Q3 FY25,2025-11-25 00:00:00,2025-11-25,OK,,6.78,1.71,0.31,0.36,16.13,3.97,5.34,250720000.0,0.26,BMO,StealthGas Inc.,Industrials,Q3
CMBT,Q3 FY25,2025-11-26 00:00:00,2025-11-26,OK,,10.05,1.23,0.07,-0.09,-222.43,8.16,6.37,2920000000.0,0.02,BMO,Cmb.Tech NV,Energy,Q3
AEO,Q3 FY26,2025-12-02 00:00:00,2025-12-02,OK,,20.4,1.04,0.44,0.53,21.62,19.64,14.2,3450000000.0,1.42,AMC,"American Eagle Outfitters, Inc.",Consumer Cyclical,Q3
FIVE,Q3 FY26,2025-12-03 00:00:00,2025-12-03,OK,,173.2,5.57,0.26,0.68,165.43,31.1,27.86,9550000000.0,1.15,AMC,"Five Below, Inc.",Consumer Cyclical,Q3
SCLX,Q3 FY25,2025-12-03 00:00:00,2025-11-14,OK,,19.15,-33.08,,,,,6.16,145260000.0,1.34,,Scilex Holding Company,Healthcare,Q3
DOOO,Q3 FY26,2025-12-04 00:00:00,2025-12-04,OK,,76.66,0.24,1.24,1.59,28.61,324.28,17.77,5610000000.0,1.24,BMO,BRP Inc.,Consumer Cyclical,Q3
GCO,Q3 FY26,2025-12-04 00:00:00,2025-12-04,OK,,35.85,-2.45,0.86,0.79,-8.14,,16.18,387020000.0,1.75,BMO,Genesco Inc.,Consumer Cyclical,Q3
DG,Q3 FY26,2025-12-04 00:00:00,2025-12-04,OK,,132.37,5.79,0.93,1.28,37.55,22.86,18.7,29140000000.0,0.27,BMO,Dollar General Corporation,Consumer Defensive,Q3
MAMA,Q3 FY26,2025-12-08 00:00:00,2025-12-08,OK,,13.33,0.12,-0.01,0.03,408.0,114.03,58.46,541910000.0,0.81,AMC,"Mama's Creations, Inc.",Consumer Defensive,Q3
TOL,Q4 FY25,2025-12-08 00:00:00,2025-12-08,OK,,139.15,13.56,4.88,4.58,-6.05,10.26,9.63,13410000000.0,1.42,AMC,"Toll Brothers, Inc.",Consumer Cyclical,Q3
CMP,Q4 FY25,2025-12-08 00:00:00,2025-12-08,OK,,20.22,-2.91,-0.23,-0.17,25.34,,35.44,842950000.0,1.18,AMC,"Compass Minerals International, Inc.",Basic Materials,Q3
YEXT,Q3 FY26,2025-12-08 00:00:00,2025-12-08,OK,,8.31,-0.01,0.12,0.14,16.67,,14.01,1020000000.0,0.96,AMC,"Yext, Inc.",Technology,Q3
CASY,Q2 FY26,2025-12-09 00:00:00,2025-12-09,OK,,540.07,16.26,5.2,5.53,6.26,33.21,28.62,20020000000.0,0.67,AMC,"Casey's General Stores, Inc.",Consumer Cyclical,Q3
BRZE,Q3 FY26,2025-12-09 00:00:00,2025-12-09,OK,,33.14,-1.1,0.07,0.06,-8.62,,52.22,3720000000.0,1.1,AMC,"Braze, Inc.",Technology,Q3
ASYS,Q4 FY25,2025-12-10 00:00:00,2025-12-10,OK,,10.98,-2.12,0.01,0.1,1900.0,,,157640000.0,1.7,AMC,"Amtech Systems, Inc.",Technology,Q3
VBNK,Q4 FY25,2025-12-10 00:00:00,2025-12-10,OK,,14.46,0.65,0.24,0.24,-2.35,22.34,6.87,465180000.0,0.91,BMO,VersaBank,Financial Services,Q3
PLAB,Q4 FY25,2025-12-10 00:00:00,2025-12-10,OK,,36.31,2.29,0.45,0.6,34.83,15.83,15.72,2140000000.0,1.54,BMO,"Photronics, Inc.",Technology,Q3
VZLA,Q2 FY26,2025-12-11 00:00:00,2025-12-11,OK,,5.18,-0.04,-0.01,-0.02,-33.33,,,1780000000.0,1.22,AMC,Vizsla Silver Corp.,Basic Materials,Q3
HOFT,Q3 FY26,2025-12-11 00:00:00,2025-12-11,OK,,10.76,-1.22,-0.14,-0.04,70.64,,9.12,115670000.0,1.41,BMO,Hooker Furnishings Corporation,Consumer Cyclical,Q3
RENT,,2025-12-12 00:00:00,,,,6.65,-1.21,,,,,,222050000.0,1.35,,"Rent the Runway, Inc.",Consumer Cyclical,Q3
QIPT,,2025-12-15 00:00:00,2025-12-15,OK,,3.52,-0.25,-0.02,-0.08,-300.0,,,154990000.0,0.42,BMO,Quipt Home Medical Corp.,Healthcare,Q3
OGI,,2025-12-16 00:00:00,2025-12-16,OK,,2.01,-0.16,-0.01,-0.2,-2827.14,,38.45,271350000.0,1.47,BMO,Organigram Global Inc.,Healthcare,Q3
CSPI,,2025-12-16 00:00:00,2026-02-10,OK,,13.41,-0.01,,,,,,132820000.0,0.66,,CSP Inc.,Technology,Q3
JBL,Q1 FY26,2025-12-17 00:00:00,2025-12-17,OK,,226.62,6.43,2.73,2.85,4.36,35.24,16.89,24210000000.0,1.25,BMO,Jabil Inc.,Technology,Q3
MLKN,Q2 FY26,2025-12-17 00:00:00,2025-12-17,OK,,18.17,-0.39,0.41,0.43,5.74,,8.12,1240000000.0,1.29,AMC,"MillerKnoll, Inc.",Consumer Cyclical,Q3
ABM,Q4 FY25,2025-12-17 00:00:00,2025-12-17,OK,,48.25,2.59,1.09,0.88,-18.96,18.66,10.84,2950000000.0,0.71,BMO,ABM Industries Incorporated,Industrials,Q3
ISSC,,2025-12-18 00:00:00,2025-12-18,OK,,16.61,0.87,0.11,0.39,254.55,19.06,24.79,292940000.0,0.67,BMO,"Innovative Aerosystems, Inc.",Industrials,Q3
KBH,Q4 FY25,2025-12-18 00:00:00,2025-12-18,OK,,62.75,6.16,1.79,1.92,7.36,10.19,9.93,4060000000.0,1.42,AMC,KB Home,Consumer Cyclical,Q3
OCC,,2025-12-18 00:00:00,,,,4.97,-0.19,,,,,,44080000.0,0.6,,Optical Cable Corporation,Technology,Q3
EBF,Q3 FY26,2025-12-22 00:00:00,2025-12-18,DATE PASSED,,18.08,1.66,,,,10.92,11.3,463390000.0,0.36,,"Ennis, Inc.",Industrials,Q3
AIR,Q2 FY26,2026-01-06 21:00:00,,,,89.46,0.79,,,,112.87,17.02,3540000000.0,1.23,AMC,AAR Corp.,Industrials,
RELL,Q2 FY26,2026-01-07 21:00:00,,,,11.54,0.02,,,,534.26,20.98,164880000.0,1.08,AMC,"Richardson Electronics, Ltd.",Technology,
NTIC,Q1 FY26,2026-01-08 13:30:00,,,,8.74,-0.0,,,,,,82860000.0,0.22,,Northern Technologies International Corporation,Basic Materials,
SNX,Q4 FY25,2026-01-08 13:30:00,,,,153.14,9.22,,,,16.62,10.52,12470000000.0,1.38,,TD SYNNEX Corporation,Technology,
SIFY,,2026-01-12 13:30:00,,,2026-01-12,15.0,,,,,,307.82,1080000000.0,1.18,,Sify Technologies Limited,Communication Services,
BLK,,2026-01-15 13:30:00,,,2026-01-12,1089.26,38.48,,,,28.31,20.31,177700000000.0,1.48,,"BlackRock, Inc.",Financial Services,
ICCC,,2026-02-25 21:00:00,,,,6.49,0.26,,,,25.09,,59430000.0,0.31,AMC,ImmuCell Corporation,Healthcare,
